7,1,Who is Tutankhamen?, yo mummy
7,2,What is the formula for the area of a circle?, pi r^3
7,3,What are the 3 branches of Government?, Trump
7,4,Who is the Prime Minister currently?, Mr G
7,5,When did the Ming Dynasty Fall?, Never
7,6,Wubba Wubba Dub Dub, Albert Einstein

8,1,--,--
8,2,--,--
8,3,--,--
8,4,--,--
8,5,--,--

9,1,What is Electricity?,--
9,2,--,--
9,3,--,--
9,4,--,--
9,5,--,--

10,1,What is the quadratic formula?,--
10,2,--,--
10,3,--,--
10,4,--,--
10,5,--,--

11,1,--,--
11,2,--,--
11,3,--,--
11,4,--,--
11,5,--,--

12,1,--,--
12,2,--,--
12,3,--,--
12,4,--,--
12,5,--,--

SONG,1,Guess the Song #1, That's what I like - Bruno Mars
SONG,2,Guess the Song #2, The Less I Know The Better
SONG,3,Guess the Song #3, Darude Sandstorm
SONG,4,--,--
SONG,5,--,--
SONG,6,--,--
